Ref,Val,Package,PosX,PosY,Rot,Side
"J1","USB_C_Receptacle_USB2.0_16P","USB_C_Receptacle_G-Switch_GT-USB-7010ASV",144.435000,70.300000,-90.000000,bottom
"BT1","Battery_Cell","Molex_Micro-Fit_3.0_43650-0224_1x02-1MP_P3.00mm_Vertical",110.800000,43.300000,90.000000,top
"C1","330pF","C_0603_1608Metric",138.700000,72.800000,90.000000,top
"C2","330pF","C_0603_1608Metric",138.700000,67.800000,-90.000000,top
"C3","100n","C_0603_1608Metric",115.462500,72.149999,180.000000,top
"C4","2.2u","C_0603_1608Metric",115.600000,78.700000,0.000000,top
"C5","2.2u","C_0603_1608Metric",110.500000,73.900000,180.000000,top
"C6","100n","C_0603_1608Metric",115.600000,77.100000,0.000000,top
"C7","10u","C_1206_3216Metric",121.200000,71.000000,90.000000,top
"C8","2.2u","C_0603_1608Metric",120.900000,67.800000,0.000000,top
"C9","100n","C_0603_1608Metric",120.400000,74.900000,90.000000,top
"C10","10u","C_1206_3216Metric",128.230000,77.920000,0.000000,top
"C11","100n","C_0603_1608Metric",124.430000,72.620000,180.000000,top
"C12","100n","C_0603_1608Metric",127.430000,75.820000,0.000000,top
"C13","1u","C_0603_1608Metric",65.700000,110.000000,90.000000,top
"C14","100n","C_0603_1608Metric",124.100000,69.200000,180.000000,top
"C15","1u","C_0603_1608Metric",55.100000,107.100000,112.500000,top
"C16","47n","C_0603_1608Metric",127.100000,47.300000,180.000000,top
"C17","2.2u","C_0603_1608Metric",124.350004,51.100000,180.000000,top
"C18","10u","C_1206_3216Metric",128.300000,49.300000,0.000000,top
"C19","2.2u","C_0603_1608Metric",122.500000,49.500000,180.000000,top
"C20","10u","C_1206_3216Metric",124.300000,40.600000,90.000000,top
"C21","100n","C_0603_1608Metric",129.500001,58.100001,180.000000,top
"C22","22p","C_0603_1608Metric",122.600000,63.700001,-90.000000,top
"C23","22u","C_1206_3216Metric",117.700000,54.575000,90.000000,top
"C24","22u","C_1206_3216Metric",116.100001,59.274999,-90.000000,top
"C25","22u","C_1206_3216Metric",113.700000,61.600000,-90.000000,top
"C26","1u","C_0603_1608Metric",118.100001,58.474999,-90.000000,top
"C27","100n","C_0603_1608Metric",115.700000,55.375000,90.000000,top
"C28","100n","C_0603_1608Metric",131.900000,62.700000,180.000000,top
"C29","1u","C_0603_1608Metric",128.200001,62.800000,0.000000,top
"C30","22u","C_1206_3216Metric",130.400000,64.800000,0.000000,top
"C31","1u","C_0603_1608Metric",132.625001,58.000000,180.000000,top
"C33","22u","C_1206_3216Metric",118.629126,27.562221,-135.000000,top
"C34","1u","C_0603_1608Metric",116.719938,23.955977,45.000000,top
"C35","100n","C_0603_1608Metric",112.000000,25.600000,45.000000,top
"C36","22u","C_1206_3216Metric",106.944187,25.175736,135.000000,top
"C37","22u","C_1206_3216Metric",105.247130,23.478680,135.000000,top
"C38","22u","C_1206_3216Metric",103.550074,21.781623,135.000000,top
"C39","1u","C_0603_1608Metric",106.732054,28.074874,-45.000000,top
"C40","100n","C_0603_1608Metric",107.200000,29.800000,-45.000000,top
"C41","1u","C_0603_1608Metric",71.500000,114.924999,90.000000,top
"C42","1u","C_0603_1608Metric",65.700000,115.024999,90.000000,top
"C43","1u","C_0603_1608Metric",45.500000,101.800000,112.500000,top
"C44","1u","C_0603_1608Metric",99.148008,42.651992,-45.000000,top
"C45","1u","C_0603_1608Metric",90.400000,35.900000,-67.500000,top
"C46","1u","C_0603_1608Metric",58.603420,31.983993,-112.500000,top
"C47","1u","C_0603_1608Metric",82.400000,74.900000,0.000000,top
"C48","1u","C_0603_1608Metric",58.400000,65.700000,180.000000,top
"C49","1u","C_0603_1608Metric",84.400000,55.600000,-67.500000,top
"C50","1u","C_0603_1608Metric",55.500000,56.300000,-157.500000,top
"C51","1u","C_0603_1608Metric",80.500000,31.700000,-67.500000,top
"C52","1u","C_0603_1608Metric",48.700000,36.300000,-135.000000,top
"C53","1u","C_0603_1608Metric",82.100000,65.300000,-45.000000,top
"C54","1u","C_0603_1608Metric",75.100000,58.200000,-90.000000,top
"C55","1u","C_0603_1608Metric",65.100000,58.300000,-135.000000,top
"C56","1u","C_0603_1608Metric",90.075000,74.900000,0.000000,top
"C57","1u","C_0603_1608Metric",89.516007,64.803420,-22.500000,top
"C58","1u","C_0603_1608Metric",64.600000,50.800000,-112.500000,top
"C59","1u","C_0603_1608Metric",50.400000,65.700000,180.000000,top
"C60","1u","C_0603_1608Metric",63.203420,40.883993,-112.500000,top
"C61","1u","C_0603_1608Metric",51.100000,75.800000,157.500000,top
"C62","1u","C_0603_1608Metric",76.403420,109.983993,67.500000,top
"C63","1u","C_0603_1608Metric",86.700000,106.700000,67.500000,top
"C64","1u","C_0603_1608Metric",96.300000,100.900000,45.000000,top
"C65","1u","C_0603_1608Metric",103.500000,92.800000,22.500000,top
"C66","1u","C_0603_1608Metric",108.400000,83.100000,22.500000,top
"C67","1u","C_0603_1608Metric",110.500000,72.300000,0.000000,top
"C68","1u","C_0603_1608Metric",109.300000,61.300000,-22.500000,top
"C69","1u","C_0603_1608Metric",105.700000,51.200000,-45.000000,top
"C70","1u","C_0603_1608Metric",37.948008,94.151992,135.000000,top
"C71","1u","C_0603_1608Metric",40.500000,65.600000,180.000000,top
"C72","1u","C_0603_1608Metric",41.100000,77.300000,157.500000,top
"C73","1u","C_0603_1608Metric",65.700000,100.025000,90.000000,top
"C74","1u","C_0603_1608Metric",69.500000,29.875000,-90.000000,top
"C75","1u","C_0603_1608Metric",65.900000,70.400000,90.000000,top
"C76","1u","C_0603_1608Metric",65.600000,82.400000,90.000000,top
"C77","1u","C_0603_1608Metric",56.300000,84.900000,112.500000,top
"C78","1u","C_0603_1608Metric",52.800000,46.000000,-135.000000,top
"C79","1u","C_0603_1608Metric",46.000000,87.800000,135.000000,top
"C80","1u","C_0603_1608Metric",54.500000,96.100000,112.500000,top
"C81","1u","C_0603_1608Metric",74.900000,40.400000,-90.000000,top
"C82","1u","C_0603_1608Metric",85.900000,45.400000,-67.500000,top
"C83","1u","C_0603_1608Metric",77.400000,99.500000,67.500000,top
"C84","1u","C_0603_1608Metric",34.500000,52.600000,-157.500000,top
"C85","1u","C_0603_1608Metric",40.400000,43.400000,-135.000000,top
"C86","1u","C_0603_1608Metric",58.600000,75.200000,135.000000,top
"C87","1u","C_0603_1608Metric",85.200000,84.500000,22.500000,top
"C88","1u","C_0603_1608Metric",75.100000,50.300000,-90.000000,top
"C89","1u","C_0603_1608Metric",44.600000,54.600000,-157.500000,top
"C90","1u","C_0603_1608Metric",99.800000,75.100000,0.000000,top
"C91","1u","C_0603_1608Metric",95.900000,86.300000,22.500000,top
"C92","1u","C_0603_1608Metric",87.900000,94.700000,45.000000,top
"C93","1u","C_0603_1608Metric",30.900000,62.900000,180.000000,top
"C94","1u","C_0603_1608Metric",30.400000,73.700000,157.500000,top
"C95","1u","C_0603_1608Metric",32.800000,84.500000,157.500000,top
"C96","1u","C_0603_1608Metric",75.600000,82.100000,45.000000,top
"C97","1u","C_0603_1608Metric",76.003420,89.583993,67.500000,top
"C98","1u","C_0603_1608Metric",65.700000,90.100000,90.000000,top
"C99","1u","C_0603_1608Metric",94.800000,52.700000,-45.000000,top
"C100","1u","C_0603_1608Metric",99.600000,63.500000,-22.500000,top
"D3","Orange","LED_0603_1608Metric",121.162504,51.100000,180.000000,top
"D6","WS2812B","LED_WS2812B_PLCC4_5.0x5.0mm_P3.2mm",70.000000,110.000000,0.000000,top
"D7","WS2812B","LED_WS2812B_PLCC4_5.0x5.0mm_P3.2mm",80.722074,108.608751,-15.651000,top
"D8","WS2812B","LED_WS2812B_PLCC4_5.0x5.0mm_P3.2mm",90.671188,104.376307,-31.304000,top
"D9","WS2812B","LED_WS2812B_PLCC4_5.0x5.0mm_P3.2mm",99.109459,97.616571,-46.956000,top
"D10","WS2812B","LED_WS2812B_PLCC4_5.0x5.0mm_P3.2mm",105.411057,88.830884,-62.608000,top
"D11","WS2812B","LED_WS2812B_PLCC4_5.0x5.0mm_P3.2mm",109.108621,78.670841,-78.261000,top
"D12","WS2812B","LED_WS2812B_PLCC4_5.0x5.0mm_P3.2mm",109.927916,67.889969,-93.913000,top
"D13","WS2812B","LED_WS2812B_PLCC4_5.0x5.0mm_P3.2mm",107.808181,57.287838,-109.565000,top
"D14","WS2812B","LED_WS2812B_PLCC4_5.0x5.0mm_P3.2mm",102.906626,47.650763,-125.217000,top
"D15","WS2812B","LED_WS2812B_PLCC4_5.0x5.0mm_P3.2mm",95.586779,39.693485,-140.869000,top
"D16","WS2812B","LED_WS2812B_PLCC4_5.0x5.0mm_P3.2mm",86.391521,34.006158,-156.522000,top
"D17","WS2812B","LED_WS2812B_PLCC4_5.0x5.0mm_P3.2mm",76.002825,31.010589,-172.174000,top
"D18","WS2812B","LED_WS2812B_PLCC4_5.0x5.0mm_P3.2mm",65.191175,30.928946,172.173000,top
"D19","WS2812B","LED_WS2812B_PLCC4_5.0x5.0mm_P3.2mm",54.758424,33.767283,156.521000,top
"D20","WS2812B","LED_WS2812B_PLCC4_5.0x5.0mm_P3.2mm",45.478324,39.315094,140.869000,top
"D21","WS2812B","LED_WS2812B_PLCC4_5.0x5.0mm_P3.2mm",38.039141,47.160921,125.216000,top
"D22","WS2812B","LED_WS2812B_PLCC4_5.0x5.0mm_P3.2mm",32.992606,56.722873,109.564000,top
"D23","WS2812B","LED_WS2812B_PLCC4_5.0x5.0mm_P3.2mm",30.712999,67.291782,93.912000,top
"D24","WS2812B","LED_WS2812B_PLCC4_5.0x5.0mm_P3.2mm",31.369389,78.083798,78.260000,top
"D25","WS2812B","LED_WS2812B_PLCC4_5.0x5.0mm_P3.2mm",34.913093,88.298523,62.608000,top
"D26","WS2812B","LED_WS2812B_PLCC4_5.0x5.0mm_P3.2mm",41.081291,97.178375,46.956000,top
"D27","WS2812B","LED_WS2812B_PLCC4_5.0x5.0mm_P3.2mm",49.416514,104.064775,31.303000,top
"D28","WS2812B","LED_WS2812B_PLCC4_5.0x5.0mm_P3.2mm",59.300575,108.446987,15.651000,top
"D29","WS2812B","LED_WS2812B_PLCC4_5.0x5.0mm_P3.2mm",70.000000,100.000000,0.000000,top
"D30","WS2812B","LED_WS2812B_PLCC4_5.0x5.0mm_P3.2mm",81.388534,97.854027,-22.500000,top
"D31","WS2812B","LED_WS2812B_PLCC4_5.0x5.0mm_P3.2mm",91.088939,91.513203,-45.000000,top
"D32","WS2812B","LED_WS2812B_PLCC4_5.0x5.0mm_P3.2mm",97.624417,81.942862,-67.500000,top
"D33","WS2812B","LED_WS2812B_PLCC4_5.0x5.0mm_P3.2mm",100.000000,70.600000,-90.000000,top
"D34","WS2812B","LED_WS2812B_PLCC4_5.0x5.0mm_P3.2mm",97.854027,59.211466,-112.500000,top
"D35","WS2812B","LED_WS2812B_PLCC4_5.0x5.0mm_P3.2mm",91.513203,49.511061,-135.000000,top
"D36","WS2812B","LED_WS2812B_PLCC4_5.0x5.0mm_P3.2mm",81.942862,42.975583,-157.500000,top
"D37","WS2812B","LED_WS2812B_PLCC4_5.0x5.0mm_P3.2mm",70.600000,40.600000,180.000000,top
"D38","WS2812B","LED_WS2812B_PLCC4_5.0x5.0mm_P3.2mm",59.211466,42.745973,157.500000,top
"D39","WS2812B","LED_WS2812B_PLCC4_5.0x5.0mm_P3.2mm",49.511061,49.086797,135.000000,top
"D40","WS2812B","LED_WS2812B_PLCC4_5.0x5.0mm_P3.2mm",42.975583,58.657138,112.500000,top
"D41","WS2812B","LED_WS2812B_PLCC4_5.0x5.0mm_P3.2mm",40.600000,70.000000,90.000000,top
"D42","WS2812B","LED_WS2812B_PLCC4_5.0x5.0mm_P3.2mm",42.745973,81.388534,67.500000,top
"D43","WS2812B","LED_WS2812B_PLCC4_5.0x5.0mm_P3.2mm",49.086797,91.088939,45.000000,top
"D44","WS2812B","LED_WS2812B_PLCC4_5.0x5.0mm_P3.2mm",58.657138,97.624417,22.500000,top
"D45","WS2812B","LED_WS2812B_PLCC4_5.0x5.0mm_P3.2mm",70.000000,90.000000,0.000000,top
"D46","WS2812B","LED_WS2812B_PLCC4_5.0x5.0mm_P3.2mm",79.890192,87.510700,-30.000000,top
"D47","WS2812B","LED_WS2812B_PLCC4_5.0x5.0mm_P3.2mm",87.210700,80.409808,-60.000000,top
"D48","WS2812B","LED_WS2812B_PLCC4_5.0x5.0mm_P3.2mm",90.000000,70.600000,-90.000000,top
"D49","WS2812B","LED_WS2812B_PLCC4_5.0x5.0mm_P3.2mm",87.510700,60.709808,-120.000000,top
"D50","WS2812B","LED_WS2812B_PLCC4_5.0x5.0mm_P3.2mm",80.409808,53.389300,-150.000000,top
"D51","WS2812B","LED_WS2812B_PLCC4_5.0x5.0mm_P3.2mm",70.600000,50.600000,180.000000,top
"D52","WS2812B","LED_WS2812B_PLCC4_5.0x5.0mm_P3.2mm",60.709808,53.089300,150.000000,top
"D53","WS2812B","LED_WS2812B_PLCC4_5.0x5.0mm_P3.2mm",53.389300,60.190192,120.000000,top
"D54","WS2812B","LED_WS2812B_PLCC4_5.0x5.0mm_P3.2mm",50.600000,70.000000,90.000000,top
"D55","WS2812B","LED_WS2812B_PLCC4_5.0x5.0mm_P3.2mm",53.089300,79.890192,60.000000,top
"D56","WS2812B","LED_WS2812B_PLCC4_5.0x5.0mm_P3.2mm",60.190192,87.210700,30.000000,top
"D57","WS2812B","LED_WS2812B_PLCC4_5.0x5.0mm_P3.2mm",70.000000,82.100000,0.000000,top
"D58","WS2812B","LED_WS2812B_PLCC4_5.0x5.0mm_P3.2mm",78.431728,78.855992,-45.000000,top
"D59","WS2812B","LED_WS2812B_PLCC4_5.0x5.0mm_P3.2mm",82.100000,70.600000,-90.000000,top
"D60","WS2812B","LED_WS2812B_PLCC4_5.0x5.0mm_P3.2mm",78.855992,62.168272,-135.000000,top
"D61","WS2812B","LED_WS2812B_PLCC4_5.0x5.0mm_P3.2mm",70.600000,58.500000,180.000000,top
"D62","WS2812B","LED_WS2812B_PLCC4_5.0x5.0mm_P3.2mm",62.168272,61.744008,135.000000,top
"D63","WS2812B","LED_WS2812B_PLCC4_5.0x5.0mm_P3.2mm",58.500000,70.000000,90.000000,top
"D64","WS2812B","LED_WS2812B_PLCC4_5.0x5.0mm_P3.2mm",61.744008,78.431728,45.000000,top
"D65","WS2812B","LED_WS2812B_PLCC4_5.0x5.0mm_P3.2mm",70.300000,70.300000,0.000000,top
"J2","1","JST_XH_B1B-XH-AM_1x01_P2.50mm_Vertical",52.400000,130.400000,0.000000,top
"J3","1","JST_XH_B1B-XH-AM_1x01_P2.50mm_Vertical",59.350000,130.400000,0.000000,top
"J4","1","JST_XH_B1B-XH-AM_1x01_P2.50mm_Vertical",66.300000,130.400000,0.000000,top
"J5","1","JST_XH_B1B-XH-AM_1x01_P2.50mm_Vertical",73.250000,130.400000,0.000000,top
"J6","1","JST_XH_B1B-XH-AM_1x01_P2.50mm_Vertical",80.200000,130.400000,0.000000,top
"J7","1","JST_XH_B1B-XH-AM_1x01_P2.50mm_Vertical",87.150000,130.400000,0.000000,top
"J8","10k NTC","JST_SH_BM02B-SRSS-TB_1x02-1MP_P1.00mm_Vertical",118.038684,38.575736,-135.000000,top
"L1","4.7uH","L_Pulse_PA5402",116.462500,69.049999,0.000000,top
"L2","2.2u","L_Bourns_SRP5030T",128.600000,42.900000,-90.000000,top
"L3","1uH","L_Bourns_SRP7028A_7.3x6.6mm",123.499999,56.900000,180.000000,top
"L4","1uH","L_Bourns_SRP7028A_7.3x6.6mm",113.962221,30.956334,135.000000,top
"R1","115k","R_0603_1608Metric",118.862500,72.874998,90.000000,top
"R2","49.9k","R_0603_1608Metric",118.862500,75.974998,90.000000,top
"R3","10k","R_0603_1608Metric",131.600000,74.900000,90.000000,top
"R4","10k","R_0603_1608Metric",130.000000,74.900000,90.000000,top
"R5","10k","R_0603_1608Metric",128.300000,73.400000,90.000000,top
"R6","4.7k","R_0603_1608Metric",67.800000,117.400000,0.000000,top
"R7","4.7k","R_0603_1608Metric",67.675000,118.900000,0.000000,top
"R8","120","R_0603_1608Metric",117.950004,51.100000,0.000000,top
"R9","10k","R_0603_1608Metric",120.900000,48.000000,0.000000,top
"R10","0","R_0603_1608Metric",121.900000,41.100000,90.000000,top
"R11","4.32k","R_0603_1608Metric",117.225000,43.349999,0.000000,top
"R12","21k","R_0603_1608Metric",120.225000,43.349999,0.000000,top
"R13","51","R_0603_1608Metric",121.000000,62.100000,90.000000,top
"R14","150k","R_0603_1608Metric",124.200001,63.700001,90.000000,top
"R15","20k","R_0603_1608Metric",125.800000,63.699998,-90.000000,top
"R16","51k","R_0603_1608Metric",133.700001,60.300001,-90.000000,top
"R17","100k","R_0603_1608Metric",127.300001,65.099999,-90.000000,top
"R18","732k","R_0603_1608Metric",108.941763,25.935876,-45.000000,top
"R19","100k","R_0603_1608Metric",109.772614,23.478680,-135.000000,top
"R20","750k","R_0603_1608Metric",115.588567,25.087348,-135.000000,top
"R21","91k","R_0603_1608Metric",112.406586,23.885266,-135.000000,top
"R22","750k","R_0603_1608Metric",101.100000,33.300000,45.000000,top
"R23","91k","R_0603_1608Metric",103.225000,35.500000,45.000000,top
"R24","91k","R_0603_1608Metric",113.300000,58.500000,0.000000,top
"R25","91k","R_0603_1608Metric",103.500000,33.500000,45.000000,top
"R26","240k","R_0603_1608Metric",111.000000,54.300000,90.000000,top
"R27","62k","R_0603_1608Metric",110.200000,52.000000,0.000000,top
"R28","300k","R_0603_1608Metric",112.500000,53.200000,90.000000,top
"R29","100k","R_0603_1608Metric",114.100000,52.900000,-90.000000,top
"R30","240k","R_0603_1608Metric",99.000000,31.000000,45.000000,top
"R31","62k","R_0603_1608Metric",97.900000,32.100000,-135.000000,top
"R32","300k","R_0603_1608Metric",99.300000,29.100000,45.000000,top
"R33","100k","R_0603_1608Metric",99.700000,27.400000,-135.000000,top
"R34","10k","R_0603_1608Metric",121.200000,105.500000,-157.500000,top
"R35","10k","R_0603_1608Metric",64.100000,115.024999,-90.000000,top
"R36","10k","R_0603_1608Metric",119.800000,45.500000,180.000000,top
"R37","100","R_0603_1608Metric",84.300000,113.800000,180.000000,top
"R39","4.7k","R_0603_1608Metric",72.300000,66.000000,0.000000,top
"R40","0","R_0603_1608Metric",75.700000,68.200000,180.000000,top
"R41","4.7k","R_0603_1608Metric",64.900000,118.300000,90.000000,top
"R42","10k","R_0603_1608Metric",113.100000,74.300000,90.000000,top
"R43","0","R_0603_1608Metric",124.430000,74.220000,0.000000,top
"R44","0","R_0603_1608Metric",123.900000,71.000000,0.000000,top
"R45","0","R_0603_1608Metric",124.100000,67.700000,0.000000,top
"R46","0","R_0603_1608Metric",124.430000,66.220000,0.000000,top
"R48","10k","R_0603_1608Metric",87.300000,111.500000,180.000000,top
"U1","TPS25730D","Texas_REF0038A_WQFN-38-2EP_6x4mm_P0.4",129.470000,69.410000,0.000000,top
"U2","LMR50410","SOT-23-6",115.962500,74.649999,180.000000,top
"U3","USBLC6-2SC6","SOT-23-6",135.700000,70.300000,180.000000,top
"U4","ESP32-S3-WROOM-1-N16","ESP32-S3-WROOM-1",122.204443,94.384770,-67.500000,top
"U5","CAP1296-1-AIA-TR","DFN-10-1EP_3x3mm_P0.5mm_EP1.7x2.5mm",68.500000,121.937500,90.000000,top
"U6","BQ25303JRTER","WQFN-16-1EP_3x3mm_P0.5mm_EP1.68x1.68mm",123.511982,45.291831,-90.000000,top
"U7","TMP1075DSG","WSON-8-1EP_2x2mm_P0.5mm_EP0.9x1.6mm",75.650000,70.250000,0.000000,top
"U8","LM73100RPWR","IC_LM73100RPWR",113.300000,56.300000,90.000000,top
"U9","LM73100RPWR","IC_LM73100RPWR",101.920722,30.823187,45.000000,top
"U10","TPS51385","VREG_TPS51386RJNR",129.100000,60.399999,-90.000000,top
"U11","TLV77333PDBVR","SOT-23-5",68.637500,114.975000,0.000000,top
"U12","TPS61022","Texas_RWU0007A_VQFN-7_2x2mm_P0.5mm",110.550431,27.509188,-45.000000,top
"U13","SN74LVC1T45DRL","SOT-563",87.100000,113.200000,180.000000,top
